{"cameraMode":{"drawMode":0,"name":"Shaded","section":"Shading Mode"},"sceneLighting":false,"audioPlay":false,"sceneViewState":{"showFog":true,"showMaterialUpdate":false,"showSkybox":false,"showFlares":true,"showImageEffects":true,"showParticleSystems":true},"in2DMode":false,"pivot":{"x":554.559814453125,"y":4.633083820343018,"z":398.04071044921877},"rotation":{"x":-0.5520840287208557,"y":0.43563783168792727,"z":-0.41847723722457888,"w":-0.5747243165969849},"size":12.590614318847657,"orthographic":false}