{"cameraMode":{"drawMode":0,"name":"Shaded","section":"Shading Mode"},"sceneLighting":false,"audioPlay":false,"sceneViewState":{"showFog":true,"showMaterialUpdate":false,"showSkybox":false,"showFlares":true,"showImageEffects":true,"showParticleSystems":true},"in2DMode":false,"pivot":{"x":-0.30918216705322268,"y":1.1194441318511963,"z":0.54966139793396},"rotation":{"x":-0.3315405547618866,"y":0.2643808126449585,"z":-0.0973464772105217,"w":-0.9003987908363342},"size":3.704099655151367,"orthographic":false}